{"stats":{"minecraft:broken":{"minecraft:wooden_pickaxe":1,"minecraft:stone_pickaxe":3,"minecraft:iron_pickaxe":1},"minecraft:killed":{"minecraft:spider":3,"alexsmobs:seagull":1,"minecraft:skeleton":8,"minecraft:chicken":3,"minecraft:sheep":15,"minecraft:zombie":7,"minecraft:cow":2},"minecraft:picked_up":{"minecraft:crafting_table":10,"minecraft:chicken":2,"minecraft:potion":1,"aether:leather_gloves":1,"minecraft:red_bed":2,"minecraft:cornflower":1,"minecraft:raw_copper":17,"minecraft:string":11,"minecraft:waxed_cut_copper_slab":2,"minecraft:blue_orchid":2,"minecraft:beetroot":2,"minecraft:beef":4,"minecraft:oak_boat":1,"minecraft:sugar_cane":1,"minecraft:furnace":8,"minecraft:egg":2,"minecraft:raw_iron":50,"minecraft:torch":2,"minecraft:acacia_log":16,"minecraft:spruce_stairs":1,"minecraft:carrot":21,"minecraft:mangrove_trapdoor":1,"minecraft:dark_oak_planks":1,"minecraft:arrow":3,"minecraft:rotten_flesh":5,"minecraft:beetroot_seeds":1,"supplementaries:ash":1,"minecraft:mutton":21,"minecraft:white_wool":14,"minecraft:cobblestone":627,"minecraft:feather":4,"minecraft:andesite":9,"minecraft:leather":2,"minecraft:dirt":42,"minecraft:bone":5,"minecraft:wheat_seeds":17,"minecraft:iron_ingot":3,"minecraft:cyan_candle":1,"minecraft:pumpkin":3,"minecraft:gravel":3,"minecraft:stripped_spruce_log":5,"minecraft:nether_brick_stairs":1,"minecraft:white_bed":1,"minecraft:spruce_log":4,"minecraft:spider_eye":3,"minecraft:mossy_cobblestone":8,"minecraft:soul_lantern":1,"waystones:waystone":1,"minecraft:painting":1,"minecraft:gray_wool":2,"minecraft:golden_apple":1,"minecraft:stripped_dark_oak_log":1,"minecraft:coal":369},"minecraft:mined":{"minecraft:dark_oak_planks":2,"minecraft:white_bed":1,"minecraft:mossy_cobblestone":9,"minecraft:red_nether_bricks":1,"gravestone:gravestone":1,"minecraft:acacia_log":16,"minecraft:grass_block":11,"minecraft:spruce_leaves":3,"minecraft:large_fern":4,"minecraft:furnace":6,"minecraft:carrots":11,"minecraft:iron_ore":38,"minecraft:andesite":10,"minecraft:stripped_spruce_log":7,"minecraft:pumpkin":3,"minecraft:nether_brick_stairs":2,"minecraft:vine":1,"minecraft:small_amethyst_bud":1,"minecraft:stone":596,"minecraft:blue_orchid":2,"minecraft:stripped_mangrove_wood":1,"minecraft:stripped_dark_oak_log":1,"minecraft:dandelion":1,"minecraft:cornflower":1,"minecraft:crafting_table":9,"minecraft:torch":1,"minecraft:rose_bush":1,"minecraft:copper_ore":5,"minecraft:tall_grass":32,"minecraft:cobblestone":17,"minecraft:sugar_cane":1,"minecraft:oak_planks":1,"minecraft:wall_torch":1,"minecraft:spruce_stairs":1,"minecraft:wheat":3,"minecraft:sweet_berry_bush":2,"minecraft:spruce_log":4,"minecraft:orange_tulip":1,"minecraft:grass":76,"minecraft:coal_ore":123,"minecraft:beetroots":2,"minecraft:gravel":2,"minecraft:dirt":8,"minecraft:cobweb":11,"minecraft:tripwire_hook":1,"minecraft:cyan_candle":1,"minecraft:fern":3},"minecraft:dropped":{"minecraft:wheat_seeds":17,"minecraft:mangrove_trapdoor":1,"minecraft:mossy_cobblestone":8,"minecraft:feather":2,"minecraft:cobblestone":384,"minecraft:apple":6,"minecraft:gray_wool":1,"minecraft:wooden_axe":1,"minecraft:potion":1,"minecraft:gold_nugget":3,"minecraft:gravel":2,"minecraft:bowl":1,"minecraft:beetroot":6,"minecraft:rotten_flesh":1,"minecraft:cooked_mutton":6,"minecraft:andesite":9,"minecraft:spider_eye":3},"minecraft:crafted":{"minecraft:cooked_chicken":2,"minecraft:furnace":1,"minecraft:bone_meal":21,"minecraft:cooked_mutton":18,"minecraft:iron_boots":1,"minecraft:stone_pickaxe":3,"minecraft:chest":1,"minecraft:dark_oak_planks":4,"minecraft:stone_hoe":1,"minecraft:cooked_beef":4,"minecraft:crafting_table":4,"minecraft:spruce_planks":36,"minecraft:wooden_pickaxe":1,"minecraft:iron_helmet":1,"minecraft:iron_sword":1,"minecraft:acacia_boat":1,"minecraft:iron_chestplate":1,"minecraft:stick":40,"minecraft:iron_ingot":35,"minecraft:iron_pickaxe":2,"minecraft:wooden_axe":1,"minecraft:stone_sword":1,"minecraft:iron_leggings":1,"minecraft:white_bed":4,"minecraft:acacia_planks":64,"minecraft:torch":80},"minecraft:custom":{"minecraft:mob_kills":41,"minecraft:interact_with_crafting_table":33,"minecraft:open_barrel":6,"minecraft:leave_game":2,"minecraft:time_since_death":39453,"minecraft:climb_one_cm":2320,"minecraft:sprint_one_cm":202640,"minecraft:walk_one_cm":412221,"minecraft:drop":41,"minecraft:play_time":147986,"minecraft:deaths":1,"minecraft:sneak_time":6,"minecraft:walk_under_water_one_cm":9753,"minecraft:boat_one_cm":101600,"minecraft:jump":1262,"minecraft:interact_with_brewingstand":1,"minecraft:walk_on_water_one_cm":31826,"minecraft:total_world_time":147986,"minecraft:interact_with_furnace":34,"minecraft:sleep_in_bed":5,"minecraft:time_since_rest":31628,"minecraft:damage_taken":2175,"minecraft:damage_dealt":5343,"minecraft:swim_one_cm":2043,"minecraft:fly_one_cm":42473,"minecraft:open_chest":20,"minecraft:crouch_one_cm":75,"minecraft:fall_one_cm":18795},"minecraft:used":{"minecraft:beetroot":6,"minecraft:stone_sword":27,"minecraft:chest":1,"minecraft:spruce_planks":12,"minecraft:iron_sword":354,"minecraft:stone_hoe":17,"minecraft:rotten_flesh":4,"minecraft:cooked_chicken":2,"minecraft:iron_chestplate":1,"minecraft:torch":81,"minecraft:dirt":2,"minecraft:carrot":25,"minecraft:wooden_axe":23,"minecraft:dark_oak_planks":2,"minecraft:iron_helmet":1,"minecraft:iron_boots":1,"minecraft:furnace":7,"minecraft:cooked_beef":3,"minecraft:acacia_planks":3,"minecraft:iron_leggings":1,"minecraft:cooked_mutton":12,"minecraft:acacia_boat":1,"minecraft:stone_pickaxe":384,"minecraft:wooden_pickaxe":62,"minecraft:crafting_table":12,"minecraft:red_bed":2,"minecraft:mushroom_stew":1,"minecraft:white_bed":1,"minecraft:apple":13,"minecraft:iron_pickaxe":407,"minecraft:gravel":1,"minecraft:cobblestone":40,"alexsmobs:animal_dictionary":1,"minecraft:bone_meal":21}},"DataVersion":3465}