{"stats":{"minecraft:picked_up":{"minecraft:acacia_log":5,"minecraft:stripped_spruce_log":5,"minecraft:dirt":2},"minecraft:mined":{"minecraft:acacia_log":5,"minecraft:grass_block":2,"minecraft:stripped_spruce_log":5},"minecraft:crafted":{"minecraft:acacia_planks":20,"minecraft:spruce_planks":16},"minecraft:custom":{"minecraft:time_since_rest":5140,"minecraft:crouch_one_cm":2035,"minecraft:play_time":5140,"minecraft:sprint_one_cm":2690,"minecraft:damage_taken":110,"minecraft:walk_one_cm":3622,"minecraft:sneak_time":807,"minecraft:walk_under_water_one_cm":797,"minecraft:jump":53,"minecraft:damage_dealt":10,"minecraft:leave_game":1,"minecraft:time_since_death":5140,"minecraft:walk_on_water_one_cm":54,"minecraft:total_world_time":5140,"minecraft:swim_one_cm":1064,"minecraft:fall_one_cm":2589,"minecraft:fly_one_cm":4936},"minecraft:used":{"minecraft:dirt":2,"minecraft:spruce_planks":10,"minecraft:acacia_planks":15}},"DataVersion":3465}