{"stats":{"minecraft:broken":{"minecraft:stone_pickaxe":1,"minecraft:iron_axe":1,"minecraft:stone_axe":1},"minecraft:killed":{"minecraft:spider":3,"alexsmobs:seagull":2,"alexsmobs:bald_eagle":1,"minecraft:skeleton":15,"minecraft:chicken":1,"minecraft:drowned":2,"minecraft:husk":6,"minecraft:pig":2,"minecraft:salmon":6,"minecraft:sheep":3,"minecraft:zombie":19,"alexsmobs:crocodile":1,"alexsmobs:crow":1,"minecraft:cow":2},"minecraft:picked_up":{"minecraft:charcoal":3,"minecraft:crafting_table":9,"minecraft:chicken":1,"gravestone:obituary":1,"minecraft:red_bed":3,"minecraft:polished_deepslate":1,"minecraft:cornflower":2,"minecraft:string":3,"minecraft:raw_copper":5,"minecraft:cyan_carpet":5,"minecraft:blue_orchid":1,"minecraft:beetroot":1,"minecraft:spruce_planks":5,"minecraft:beef":2,"minecraft:player_head":1,"minecraft:calcite":10,"minecraft:coal_block":1,"minecraft:furnace":4,"minecraft:stick":20,"minecraft:raw_iron":28,"minecraft:stripped_mangrove_wood":3,"minecraft:torch":7,"minecraft:acacia_log":34,"minecraft:spruce_fence":2,"minecraft:spruce_stairs":3,"minecraft:note_block":1,"minecraft:porkchop":5,"minecraft:mangrove_trapdoor":1,"alexsmobs:crocodile_scute":2,"minecraft:arrow":20,"minecraft:rotten_flesh":19,"aether:chainmail_gloves":1,"minecraft:blue_dye":1,"minecraft:mutton":4,"minecraft:white_wool":3,"minecraft:cobblestone":132,"minecraft:feather":3,"minecraft:cooked_beef":1,"minecraft:tripwire_hook":1,"minecraft:salmon":5,"minecraft:water_bucket":1,"minecraft:andesite":9,"minecraft:leather":2,"minecraft:oak_log":54,"minecraft:dirt":126,"minecraft:cooked_mutton":1,"minecraft:bone":12,"minecraft:acacia_planks":4,"minecraft:apple":7,"minecraft:wheat_seeds":8,"minecraft:cooked_chicken":4,"minecraft:oak_planks":12,"minecraft:acacia_sapling":2,"minecraft:book":69,"minecraft:oak_slab":2,"minecraft:sweet_berries":14,"minecraft:stripped_spruce_log":9,"minecraft:spruce_sapling":6,"minecraft:blast_furnace":2,"minecraft:spruce_log":19,"minecraft:cyan_bed":5,"minecraft:mossy_cobblestone":1,"minecraft:painting":1,"minecraft:granite":1,"travelersbackpack:pumpkin":3,"minecraft:bread":15,"minecraft:warped_roots":1,"minecraft:terracotta":9,"minecraft:oak_sapling":10,"minecraft:dark_oak_fence":4,"minecraft:coal":14,"minecraft:ender_pearl":1},"minecraft:mined":{"minecraft:dark_oak_planks":10,"minecraft:spruce_planks":5,"minecraft:mossy_cobblestone":1,"travelersbackpack:pumpkin":1,"gravestone:gravestone":1,"minecraft:granite":2,"minecraft:dark_oak_fence":3,"minecraft:acacia_log":7,"minecraft:spruce_fence":2,"minecraft:grass_block":30,"minecraft:coal_block":1,"minecraft:spruce_leaves":1,"minecraft:spawner":5,"minecraft:large_fern":1,"minecraft:tall_seagrass":1,"minecraft:magma_block":1,"minecraft:furnace":4,"minecraft:nether_sprouts":1,"minecraft:iron_ore":28,"minecraft:acacia_wood":1,"minecraft:andesite":4,"minecraft:stripped_spruce_log":9,"minecraft:polished_deepslate":1,"minecraft:bookshelf":28,"minecraft:cave_vines":1,"minecraft:stone":120,"minecraft:blue_orchid":1,"minecraft:player_head":1,"minecraft:red_bed":2,"minecraft:crafting_table":9,"minecraft:cornflower":1,"minecraft:torch":1,"minecraft:blast_furnace":2,"minecraft:calcite":3,"minecraft:polished_andesite_stairs":1,"minecraft:birch_wood":1,"minecraft:tall_grass":2,"minecraft:copper_ore":1,"minecraft:cobblestone":2,"minecraft:cyan_bed":7,"minecraft:oak_planks":10,"minecraft:diorite":1,"minecraft:spruce_stairs":3,"minecraft:cyan_wool":1,"minecraft:sweet_berry_bush":2,"minecraft:birch_leaves":8,"minecraft:grass":5,"minecraft:oak_log":4,"minecraft:coal_ore":14,"minecraft:cyan_carpet":1,"minecraft:dirt":36,"minecraft:terracotta":9,"minecraft:acacia_planks":4,"minecraft:polished_andesite":1,"minecraft:iron_trapdoor":1,"minecraft:fern":2},"minecraft:dropped":{"minecraft:water_bucket":2,"minecraft:bread":17,"minecraft:stripped_mangrove_wood":1,"minecraft:wheat_seeds":8,"minecraft:ender_pearl":2,"minecraft:warped_roots":1,"minecraft:stick":4,"minecraft:blue_dye":1,"minecraft:torch":1,"minecraft:cornflower":1,"minecraft:iron_leggings":1,"gravestone:obituary":1,"minecraft:tripwire_hook":1,"minecraft:white_wool":3,"minecraft:spruce_sapling":6,"minecraft:cooked_chicken":1,"minecraft:oak_planks":17,"minecraft:cooked_mutton":1,"minecraft:chainmail_chestplate":2,"minecraft:spruce_planks":11,"minecraft:iron_chestplate":1,"minecraft:oak_sapling":4,"minecraft:blue_orchid":1,"minecraft:wooden_pickaxe":1,"minecraft:calcite":1},"minecraft:crafted":{"minecraft:oak_planks":128,"minecraft:stone_shovel":1,"minecraft:coal":9,"minecraft:cooked_chicken":1,"minecraft:furnace":4,"minecraft:cooked_mutton":2,"minecraft:iron_boots":1,"minecraft:iron_axe":2,"minecraft:stone_pickaxe":2,"minecraft:oak_slab":12,"minecraft:cooked_porkchop":3,"minecraft:crafting_table":3,"minecraft:spruce_planks":36,"minecraft:wooden_pickaxe":1,"minecraft:iron_helmet":1,"minecraft:cooked_salmon":5,"minecraft:bucket":1,"minecraft:stone_axe":1,"minecraft:air":0,"minecraft:oak_boat":2,"minecraft:iron_chestplate":1,"minecraft:charcoal":3,"minecraft:shield":1,"minecraft:stick":12,"minecraft:iron_ingot":28,"minecraft:iron_pickaxe":1,"minecraft:iron_leggings":1,"minecraft:acacia_planks":136,"minecraft:torch":20},"minecraft:custom":{"minecraft:mob_kills":65,"minecraft:interact_with_crafting_table":27,"minecraft:open_barrel":20,"minecraft:leave_game":2,"minecraft:time_since_death":41456,"minecraft:climb_one_cm":12452,"minecraft:sprint_one_cm":356707,"minecraft:walk_one_cm":304054,"minecraft:damage_blocked_by_shield":1028,"minecraft:drop":54,"minecraft:play_time":170268,"minecraft:deaths":1,"minecraft:sneak_time":21189,"minecraft:walk_under_water_one_cm":27228,"minecraft:boat_one_cm":268457,"minecraft:jump":3178,"minecraft:walk_on_water_one_cm":53842,"minecraft:total_world_time":170268,"minecraft:interact_with_furnace":40,"minecraft:sleep_in_bed":1,"minecraft:time_since_rest":36970,"minecraft:damage_taken":3495,"minecraft:damage_dealt":11691,"minecraft:swim_one_cm":105595,"minecraft:fly_one_cm":575238,"minecraft:open_chest":10,"minecraft:crouch_one_cm":65709,"minecraft:fall_one_cm":91748},"minecraft:used":{"minecraft:beetroot":1,"minecraft:stone_shovel":55,"minecraft:shield":40,"minecraft:cooked_salmon":5,"minecraft:rotten_flesh":14,"minecraft:cooked_chicken":4,"minecraft:torch":25,"minecraft:dirt":9,"minecraft:carrot":9,"minecraft:iron_axe":229,"minecraft:iron_helmet":1,"minecraft:iron_boots":1,"minecraft:sweet_berries":8,"minecraft:furnace":5,"minecraft:cooked_beef":1,"minecraft:acacia_planks":82,"minecraft:cooked_mutton":2,"minecraft:water_bucket":25,"minecraft:stone_pickaxe":186,"minecraft:oak_planks":96,"minecraft:wooden_pickaxe":3,"minecraft:stripped_mangrove_wood":2,"minecraft:oak_slab":1,"minecraft:crafting_table":12,"minecraft:red_bed":3,"minecraft:apple":6,"minecraft:cyan_bed":5,"minecraft:bread":35,"minecraft:iron_pickaxe":20,"travelersbackpack:pumpkin":2,"minecraft:stone_axe":71,"minecraft:cobblestone":50,"minecraft:cooked_porkchop":3,"minecraft:bucket":27,"minecraft:andesite":1,"minecraft:pumpkin_pie":1,"minecraft:oak_boat":2}},"DataVersion":3465}