{"stats":{"minecraft:broken":{"minecraft:stone_pickaxe":1},"minecraft:killed":{"alexsmobs:hummingbird":1,"alexsmobs:grizzly_bear":2,"minecraft:salmon":5,"alexsmobs:seal":2,"minecraft:skeleton":1,"minecraft:sheep":1,"minecraft:chicken":6,"minecraft:llama":3,"minecraft:cow":3},"minecraft:picked_up":{"minecraft:shelter_pottery_sherd":1,"minecraft:crafting_table":8,"minecraft:feather":10,"minecraft:cooked_beef":5,"minecraft:salmon":6,"minecraft:leather":9,"alexsmobs:bear_fur":1,"minecraft:potion":1,"minecraft:flint":1,"minecraft:oak_log":137,"minecraft:lantern":1,"minecraft:cornflower":1,"minecraft:dirt":7,"minecraft:cooked_mutton":5,"minecraft:bone":1,"minecraft:beetroot":4,"minecraft:acacia_planks":1,"minecraft:apple":4,"minecraft:kelp":15,"minecraft:wheat_seeds":1,"minecraft:white_tulip":2,"minecraft:cooked_chicken":10,"minecraft:calcite":1,"minecraft:azalea":12,"minecraft:sugar_cane":9,"minecraft:oak_planks":15,"minecraft:flowering_azalea":3,"minecraft:egg":3,"minecraft:furnace":5,"minecraft:stick":17,"minecraft:raw_iron":88,"minecraft:sheaf_pottery_sherd":1,"minecraft:torch":7,"minecraft:acacia_log":6,"minecraft:spruce_fence":1,"minecraft:gravel":33,"minecraft:porkchop":3,"minecraft:blast_furnace":2,"minecraft:white_bed":4,"supplementaries:sign_post_oak":1,"minecraft:snort_pottery_sherd":1,"minecraft:angler_pottery_sherd":1,"minecraft:emerald":1,"minecraft:oak_sapling":15,"minecraft:iron_bars":1,"minecraft:coal":38,"minecraft:white_wool":3,"minecraft:cobblestone":99},"minecraft:mined":{"minecraft:oak_sapling":2,"minecraft:white_bed":4,"minecraft:cornflower":2,"minecraft:crafting_table":8,"minecraft:torch":3,"minecraft:blast_furnace":2,"minecraft:acacia_log":6,"minecraft:emerald_ore":1,"minecraft:grass_block":4,"minecraft:calcite":1,"minecraft:decorated_pot":1,"minecraft:cobblestone":2,"minecraft:tall_grass":1,"minecraft:sugar_cane":5,"minecraft:oak_planks":15,"minecraft:wall_torch":1,"minecraft:furnace":5,"supplementaries:sign_post":1,"minecraft:iron_ore":88,"minecraft:fire":23,"minecraft:grass":7,"minecraft:oak_log":27,"minecraft:coal_ore":38,"minecraft:iron_bars":1,"amendments:wall_lantern":1,"minecraft:gravel":35,"minecraft:dirt":3,"minecraft:acacia_planks":1,"minecraft:stone":96},"minecraft:dropped":{"minecraft:kelp":15,"minecraft:porkchop":1,"minecraft:wheat_seeds":1,"minecraft:cooked_chicken":4,"aether:leather_gloves":1,"minecraft:cornflower":1,"minecraft:oak_sapling":5,"minecraft:stone_pickaxe":1,"minecraft:wooden_pickaxe":1},"minecraft:crafted":{"minecraft:oak_planks":524,"minecraft:crafting_table":1,"minecraft:wooden_pickaxe":1,"minecraft:iron_helmet":1,"minecraft:furnace":1,"minecraft:cooked_salmon":6,"minecraft:stone_axe":1,"minecraft:air":0,"minecraft:flint_and_steel":1,"minecraft:oak_boat":2,"minecraft:iron_boots":1,"minecraft:iron_chestplate":1,"minecraft:shield":1,"minecraft:iron_axe":1,"minecraft:stick":28,"minecraft:iron_ingot":83,"minecraft:iron_pickaxe":1,"minecraft:stone_pickaxe":2,"minecraft:stone_sword":1,"minecraft:iron_leggings":1,"minecraft:white_bed":1,"minecraft:torch":44},"minecraft:custom":{"minecraft:interact_with_furnace":48,"minecraft:mob_kills":31,"minecraft:tune_noteblock":21,"minecraft:interact_with_crafting_table":15,"minecraft:open_barrel":70,"minecraft:leave_game":1,"minecraft:time_since_death":129061,"minecraft:sleep_in_bed":3,"minecraft:climb_one_cm":9089,"minecraft:time_since_rest":17915,"minecraft:sprint_one_cm":396798,"minecraft:damage_taken":1671,"minecraft:walk_one_cm":240105,"minecraft:damage_blocked_by_shield":1140,"minecraft:drop":25,"minecraft:damage_dealt":4343,"minecraft:play_noteblock":1,"minecraft:talked_to_villager":5,"minecraft:swim_one_cm":83663,"minecraft:fly_one_cm":659309,"minecraft:open_chest":42,"minecraft:crouch_one_cm":30451,"minecraft:play_time":129061,"minecraft:sneak_time":9622,"minecraft:walk_under_water_one_cm":18374,"minecraft:boat_one_cm":169750,"minecraft:jump":3287,"minecraft:interact_with_blast_furnace":29,"minecraft:walk_on_water_one_cm":20201,"minecraft:total_world_time":129061,"minecraft:fall_one_cm":107874},"minecraft:used":{"minecraft:calcite":1,"minecraft:azalea":12,"minecraft:beetroot":4,"minecraft:cooked_mutton":5,"minecraft:stone_sword":97,"minecraft:white_tulip":2,"minecraft:flint_and_steel":30,"minecraft:stone_pickaxe":166,"minecraft:oak_planks":331,"minecraft:spruce_planks":17,"minecraft:shield":28,"minecraft:wooden_pickaxe":10,"minecraft:sugar_cane":8,"minecraft:cooked_salmon":6,"minecraft:cooked_chicken":6,"minecraft:torch":6,"minecraft:mutton":2,"minecraft:crafting_table":8,"minecraft:blast_furnace":1,"minecraft:white_bed":4,"minecraft:oak_log":4,"minecraft:flowering_azalea":3,"minecraft:apple":4,"minecraft:iron_axe":39,"minecraft:bread":9,"minecraft:iron_pickaxe":61,"minecraft:gravel":33,"minecraft:stone_axe":37,"minecraft:cobblestone":17,"minecraft:beef":2,"minecraft:oak_sapling":10,"minecraft:furnace":5,"minecraft:porkchop":4,"minecraft:oak_boat":2,"minecraft:egg":3,"alexsmobs:animal_dictionary":1,"minecraft:potato":11,"minecraft:cooked_beef":5,"minecraft:iron_leggings":1}},"DataVersion":3465}